ID BRAND,NAMA PRODUK,ID KATEGORI LEVEL 1,ID KATEGORI LEVEL 2,ID KATEGORI LEVEL 3,HARGA,HARGA DISKON,HARGA MODAL,POTONGAN GOLD,POTONGAN SILVER,POTONGAN BRONZE,BERAT,DESKRIPSI,DESKRIPSI SINGKAT
2,Adidas Neo AN-016,8,1,39,180000,180000,180000,.,.,.,0.5,Sepatu Casual Adidas yang cocok untuk formal atau sport.,Sepatu Casual Adidas Neo
2,Adidas Neo AN-017,8,1,39,180000,180000,180000,.,.,.,0.5,Sepatu Casual Adidas yang cocok untuk formal atau sport.,Sepatu Casual Adidas Neo
2,Adidas Neo AN-018,8,1,39,180000,180000,180000,.,.,.,0.5,Sepatu Casual Adidas yang cocok untuk formal atau sport.,Sepatu Casual Adidas Neo
2,Adidas Neo AN-019,8,1,39,180000,180000,180000,.,.,.,0.5,Sepatu Casual Adidas yang cocok untuk formal atau sport.,Sepatu Casual Adidas Neo
2,Adidas Neo AN-020,8,1,39,180000,180000,180000,.,.,.,0.5,Sepatu Casual Adidas yang cocok untuk formal atau sport.,Sepatu Casual Adidas Neo
2,Adidas Porsche Design APD-006,8,1,40,140000,140000,140000,.,.,.,0.5,Sepatu Casual Adidas yang cocok untuk formal atau sport.,Sepatu Casual Adidas Porsche Design
2,Adidas Porsche Design APD-012,8,1,40,140000,140000,140000,.,.,.,0.5,Sepatu Casual Adidas yang cocok untuk formal atau sport.,Sepatu Casual Adidas Porsche Design
2,Adidas Porsche Design APD-016,8,1,40,140000,140000,140000,.,.,.,0.5,Sepatu Casual Adidas yang cocok untuk formal atau sport.,Sepatu Casual Adidas Porsche Design
2,Adidas Porsche Design APD-018,8,1,40,140000,140000,140000,.,.,.,0.5,Sepatu Casual Adidas yang cocok untuk formal atau sport.,Sepatu Casual Adidas Porsche Design
2,Adidas Porsche Design APD-019,8,1,40,140000,140000,140000,.,.,.,0.5,Sepatu Casual Adidas yang cocok untuk formal atau sport.,Sepatu Casual Adidas Porsche Design
2,Adidas SideWalk ASW-002,8,1,41,140000,140000,140000,.,.,.,0.5,Sepatu Casual Adidas yang cocok untuk formal atau sport.,Sepatu Casual Adidas SideWalk
2,Adidas Silas ASL-002,8,1,42,180000,180000,180000,.,.,.,0.5,Sepatu Casual Adidas yang cocok untuk formal atau sport.,Sepatu Casual Adidas Silas
2,Adidas Silas ASL-003,8,1,42,180000,180000,180000,.,.,.,0.5,Sepatu Casual Adidas yang cocok untuk formal atau sport.,Sepatu Casual Adidas Silas
2,Adidas Silas ASL-004,8,1,42,180000,180000,180000,.,.,.,0.5,Sepatu Casual Adidas yang cocok untuk formal atau sport.,Sepatu Casual Adidas Silas
2,Adidas Silas ASL-005,8,1,42,180000,180000,180000,.,.,.,0.5,Sepatu Casual Adidas yang cocok untuk formal atau sport.,Sepatu Casual Adidas Silas
2,Adidas Silas ASL-006,8,1,42,180000,180000,180000,.,.,.,0.5,Sepatu Casual Adidas yang cocok untuk formal atau sport.,Sepatu Casual Adidas Silas
2,Adidas Silas ASL-007,8,1,42,180000,180000,180000,.,.,.,0.5,Sepatu Casual Adidas yang cocok untuk formal atau sport.,Sepatu Casual Adidas Silas
2,Adidas Silas ASL-009,8,1,42,180000,180000,180000,.,.,.,0.5,Sepatu Casual Adidas yang cocok untuk formal atau sport.,Sepatu Casual Adidas Silas
2,Adidas Silas ASL-011,8,1,42,180000,180000,180000,.,.,.,0.5,Sepatu Casual Adidas yang cocok untuk formal atau sport.,Sepatu Casual Adidas Silas
2,Adidas Sport ADS-022,9,1,33,205000,205000,205000,.,.,.,0.25,Sepatu Sport Adidas untuk aktifitas olahraga.,Sepatu Sport Adidas Running
2,Adidas Sport ADS-026,9,1,33,205000,205000,205000,.,.,.,0.25,Sepatu Sport Adidas untuk aktifitas olahraga.,Sepatu Sport Adidas Running
2,Adidas Sport ADS-027,9,1,33,205000,205000,205000,.,.,.,0.25,Sepatu Sport Adidas untuk aktifitas olahraga.,Sepatu Sport Adidas Running
2,Adidas Sport ADS-028,9,1,33,205000,205000,205000,.,.,.,0.25,Sepatu Sport Adidas untuk aktifitas olahraga.,Sepatu Sport Adidas Running
2,Adidas Sport ADS-032,9,1,33,205000,205000,205000,.,.,.,0.25,Sepatu Sport Adidas untuk aktifitas olahraga.,Sepatu Sport Adidas Running
2,Adidas Sport ADS-033,9,1,33,250000,250000,250000,.,.,.,0.25,Sepatu Sport Adidas untuk aktifitas olahraga.,Sepatu Sport Adidas Running
2,Adidas Sport ADS-034,9,1,33,250000,250000,250000,.,.,.,0.25,Sepatu Sport Adidas untuk aktifitas olahraga.,Sepatu Sport Adidas Running
2,Adidas Sport ADS-035,9,1,33,250000,250000,250000,.,.,.,0.25,Sepatu Sport Adidas untuk aktifitas olahraga.,Sepatu Sport Adidas Running
2,Adidas Superstar ASP-001,8,1,44,200000,200000,200000,.,.,.,0.5,Sepatu Casual Adidas yang cocok untuk formal atau sport.,Sepatu Casual Adidas Superstar
2,Adidas Superstar ASP-002,8,1,44,200000,200000,200000,.,.,.,0.5,Sepatu Casual Adidas yang cocok untuk formal atau sport.,Sepatu Casual Adidas Superstar
2,Adidas Superstar ASP-003,8,1,44,200000,200000,200000,.,.,.,0.5,Sepatu Casual Adidas yang cocok untuk formal atau sport.,Sepatu Casual Adidas Superstar
2,Adidas Yezy AV-001,8,1,45,250000,250000,250000,.,.,.,0.5,Sepatu Casual Adidas dengan design sederhana tapi terlihat elegan.,Sepatu Casual Adidas Yezy
2,Adidas Yezy AV-002,8,1,45,250000,250000,250000,.,.,.,0.5,Sepatu Casual Adidas dengan design sederhana tapi terlihat elegan.,Sepatu Casual Adidas Yezy
2,Adidas Yezy AV-003,8,1,45,250000,250000,250000,.,.,.,0.5,Sepatu Casual Adidas dengan design sederhana tapi terlihat elegan.,Sepatu Casual Adidas Yezy
2,Adidas Yezy AV-004,8,1,45,250000,250000,250000,.,.,.,0.5,Sepatu Casual Adidas dengan design sederhana tapi terlihat elegan.,Sepatu Casual Adidas Yezy
14,BlackMaster BM-001,8,9,12,225000,225000,225000,.,.,.,1,Sepatu Casual Boot Blackmaster,Sepatu Casual BlackMaster
14,BlackMaster BM-014,8,9,12,130000,130000,130000,.,.,.,1,Sepatu Casual Blackmaster,Sepatu Casual BlackMaster
14,BlackMaster BM-015,8,9,12,130000,130000,130000,.,.,.,1,Sepatu Casual Blackmaster,Sepatu Casual BlackMaster
14,BlackMaster BM-024,8,9,12,140000,140000,140000,.,.,.,1,Sepatu Casual Blackmaster,Sepatu Casual BlackMaster
14,BlackMaster BM-028,8,9,12,225000,225000,225000,.,.,.,1,Sepatu Casual Boot Blackmaster,Sepatu Casual BlackMaster
14,BlackMaster BM-029,8,9,12,145000,145000,145000,.,.,.,1,Sepatu Casual Boot Blackmaster,Sepatu Casual BlackMaster
14,BlackMaster BM-031,8,9,12,145000,145000,145000,.,.,.,1,Sepatu Casual Boot Blackmaster,Sepatu Casual BlackMaster
9,DC Shoes DC-008,8,9,50,150000,150000,150000,.,.,.,1,DC Shoes sepatu yang di design khusus untuk skate atau BMX.,Sepatu Casual DC Shoes
9,DC Shoes DC-017,8,9,50,150000,150000,150000,.,.,.,1,DC Shoes sepatu yang di design khusus untuk skate atau BMX.,Sepatu Casual DC Shoes
9,DC Shoes DC-018,8,9,50,150000,150000,150000,.,.,.,1,DC Shoes sepatu yang di design khusus untuk skate atau BMX.,Sepatu Casual DC Shoes
9,DC Shoes DC-042,8,9,50,150000,150000,150000,.,.,.,1,DC Shoes sepatu yang di design khusus untuk skate atau BMX.,Sepatu Casual DC Shoes
9,DC Shoes DC-059,8,9,50,150000,150000,150000,.,.,.,1,DC Shoes sepatu yang di design khusus untuk skate atau BMX.,Sepatu Casual DC Shoes
9,DC Shoes DC-062,8,9,50,150000,150000,150000,.,.,.,1,DC Shoes sepatu yang di design khusus untuk skate atau BMX.,Sepatu Casual DC Shoes
9,DC Shoes DC-064,8,9,50,150000,150000,150000,.,.,.,1,DC Shoes sepatu yang di design khusus untuk skate atau BMX.,Sepatu Casual DC Shoes
9,DC Shoes DC-067,8,9,50,150000,150000,150000,.,.,.,1,DC Shoes sepatu yang di design khusus untuk skate atau BMX.,Sepatu Casual DC Shoes
9,DC Shoes DC-077,8,9,50,150000,150000,150000,.,.,.,1,DC Shoes sepatu yang di design khusus untuk skate atau BMX.,Sepatu Casual DC Shoes
9,DC Shoes DC-079,8,9,50,150000,150000,150000,.,.,.,1,DC Shoes sepatu yang di design khusus untuk skate atau BMX.,Sepatu Casual DC Shoes
9,DC Shoes DC-093,8,9,50,150000,150000,150000,.,.,.,1,DC Shoes sepatu yang di design khusus untuk skate atau BMX.,Sepatu Casual DC Shoes
9,DC Shoes DC-094,8,9,50,150000,150000,150000,.,.,.,1,DC Shoes sepatu yang di design khusus untuk skate atau BMX.,Sepatu Casual DC Shoes
9,DC Shoes DC-095,8,9,50,150000,150000,150000,.,.,.,1,DC Shoes sepatu yang di design khusus untuk skate atau BMX.,Sepatu Casual DC Shoes
9,DC Shoes DC-102,8,9,50,150000,150000,150000,.,.,.,1,DC Shoes sepatu yang di design khusus untuk skate atau BMX.,Sepatu Casual DC Shoes
9,DC Shoes DC-107,8,9,50,150000,150000,150000,.,.,.,1,DC Shoes sepatu yang di design khusus untuk skate atau BMX.,Sepatu Casual DC Shoes
9,DC Shoes DC-109,8,9,50,150000,150000,150000,.,.,.,1,DC Shoes sepatu yang di design khusus untuk skate atau BMX.,Sepatu Casual DC Shoes
9,DC Shoes DC-110,8,9,50,150000,150000,150000,.,.,.,1,DC Shoes sepatu yang di design khusus untuk skate atau BMX.,Sepatu Casual DC Shoes
9,DC Shoes DC-111,8,9,50,150000,150000,150000,.,.,.,1,DC Shoes sepatu yang di design khusus untuk skate atau BMX.,Sepatu Casual DC Shoes
9,DC Shoes DC-112,8,9,50,150000,150000,150000,.,.,.,1,DC Shoes sepatu yang di design khusus untuk skate atau BMX.,Sepatu Casual DC Shoes
9,DC Shoes DC-114,8,9,50,150000,150000,150000,.,.,.,1,DC Shoes sepatu yang di design khusus untuk skate atau BMX.,Sepatu Casual DC Shoes
9,DC Shoes DC-116,8,9,50,150000,150000,150000,.,.,.,1,DC Shoes sepatu yang di design khusus untuk skate atau BMX.,Sepatu Casual DC Shoes
9,DC Shoes DC-117,8,9,50,150000,150000,150000,.,.,.,1,DC Shoes sepatu yang di design khusus untuk skate atau BMX.,Sepatu Casual DC Shoes
9,DC Shoes DC-118,8,9,50,150000,150000,150000,.,.,.,1,DC Shoes sepatu yang di design khusus untuk skate atau BMX.,Sepatu Casual DC Shoes
9,DC Shoes DC-119,8,9,50,150000,150000,150000,.,.,.,1,DC Shoes sepatu yang di design khusus untuk skate atau BMX.,Sepatu Casual DC Shoes
9,DC Shoes DC-120,8,9,50,150000,150000,150000,.,.,.,1,DC Shoes sepatu yang di design khusus untuk skate atau BMX.,Sepatu Casual DC Shoes
9,DC Shoes DC-122,8,9,50,150000,150000,150000,.,.,.,1,DC Shoes sepatu yang di design khusus untuk skate atau BMX.,Sepatu Casual DC Shoes
9,DC Shoes DC-123,8,9,50,150000,150000,150000,.,.,.,1,DC Shoes sepatu yang di design khusus untuk skate atau BMX.,Sepatu Casual DC Shoes
9,DC Shoes DC-124,8,9,50,150000,150000,150000,.,.,.,1,DC Shoes sepatu yang di design khusus untuk skate atau BMX.,Sepatu Casual DC Shoes
9,DC Shoes DC-127,8,9,50,150000,150000,150000,.,.,.,1,DC Shoes sepatu yang di design khusus untuk skate atau BMX.,Sepatu Casual DC Shoes
9,DC Shoes DC-129,8,9,50,150000,150000,150000,.,.,.,1,DC Shoes sepatu yang di design khusus untuk skate atau BMX.,Sepatu Casual DC Shoes
9,DC Shoes DC-130,8,9,50,150000,150000,150000,.,.,.,1,DC Shoes sepatu yang di design khusus untuk skate atau BMX.,Sepatu Casual DC Shoes
9,DC Shoes DC-131,8,9,50,150000,150000,150000,.,.,.,1,DC Shoes sepatu yang di design khusus untuk skate atau BMX.,Sepatu Casual DC Shoes
9,DC Shoes DC-136,8,9,50,150000,150000,150000,.,.,.,1,DC Shoes sepatu yang di design khusus untuk skate atau BMX.,Sepatu Casual DC Shoes
9,DC Shoes DC-140,8,9,50,150000,150000,150000,.,.,.,1,DC Shoes sepatu yang di design khusus untuk skate atau BMX.,Sepatu Casual DC Shoes
9,DC Shoes DC-141,8,9,50,150000,150000,150000,.,.,.,1,DC Shoes sepatu yang di design khusus untuk skate atau BMX.,Sepatu Casual DC Shoes
10,Macbeth MB-019,8,9,51,130000,130000,130000,.,.,.,0.5,Macbeth Shoes Sepatu Casual yang keren dan trendy.,Sepatu Casual Macbeth
10,Macbeth MB-020,8,9,51,130000,130000,130000,.,.,.,0.5,Macbeth Shoes Sepatu Casual yang keren dan trendy.,Sepatu Casual Macbeth
10,Macbeth MB-021,8,9,51,130000,130000,130000,.,.,.,0.5,Macbeth Shoes Sepatu Casual yang keren dan trendy.,Sepatu Casual Macbeth
10,Macbeth MB-022,8,9,51,130000,130000,130000,.,.,.,0.5,Macbeth Shoes Sepatu Casual yang keren dan trendy.,Sepatu Casual Macbeth
10,Macbeth MB-023,8,9,51,130000,130000,130000,.,.,.,0.5,Macbeth Shoes Sepatu Casual yang keren dan trendy.,Sepatu Casual Macbeth
10,Macbeth MB-024,8,9,51,130000,130000,130000,.,.,.,0.5,Macbeth Shoes Sepatu Casual yang keren dan trendy.,Sepatu Casual Macbeth
1,Nike Casual NC-017,8,6,53,150000,150000,150000,.,.,.,1,Sepatu Nike Casual yang cocok untuk formal atau santai.,Sepatu Casual Nike
1,Nike Casual NC-025,8,6,53,150000,150000,150000,.,.,.,1,Sepatu Nike Casual yang cocok untuk formal atau santai.,Sepatu Casual Nike
1,Nike Casual NC-026,8,6,53,150000,150000,150000,.,.,.,1,Sepatu Nike Casual yang cocok untuk formal atau santai.,Sepatu Casual Nike
1,Nike Casual NC-031,8,6,53,150000,150000,150000,.,.,.,1,Sepatu Nike Casual yang cocok untuk formal atau santai.,Sepatu Casual Nike
1,Nike Casual NC-047,8,6,53,150000,150000,150000,.,.,.,1,Sepatu Nike Casual yang cocok untuk formal atau santai.,Sepatu Casual Nike
1,Nike Casual NC-049,8,6,53,150000,150000,150000,.,.,.,1,Sepatu Nike Casual yang cocok untuk formal atau santai.,Sepatu Casual Nike
1,Nike Casual NC-052,8,6,53,150000,150000,150000,.,.,.,1,Sepatu Nike Casual yang cocok untuk formal atau santai.,Sepatu Casual Nike
1,Nike Casual NC-064,8,6,53,150000,150000,150000,.,.,.,1,Sepatu Nike Casual yang cocok untuk formal atau santai.,Sepatu Casual Nike
1,Nike Casual NC-068,8,6,53,150000,150000,150000,.,.,.,1,Sepatu Nike Casual yang cocok untuk formal atau santai.,Sepatu Casual Nike
1,Nike Casual NC-071,8,6,53,150000,150000,150000,.,.,.,1,Sepatu Nike Casual yang cocok untuk formal atau santai.,Sepatu Casual Nike
1,Nike Casual NC-074,8,6,53,150000,150000,150000,.,.,.,1,Sepatu Nike Casual yang cocok untuk formal atau santai.,Sepatu Casual Nike
1,Nike Casual NC-080,8,6,53,150000,150000,150000,.,.,.,1,Sepatu Nike Casual yang cocok untuk formal atau santai.,Sepatu Casual Nike
1,Nike Casual NC-081,8,6,53,150000,150000,150000,.,.,.,1,Sepatu Nike Casual yang cocok untuk formal atau santai.,Sepatu Casual Nike
1,Nike Casual NC-084,8,6,53,150000,150000,150000,.,.,.,1,Sepatu Nike Casual yang cocok untuk formal atau santai.,Sepatu Casual Nike
1,Nike Casual NC-085,8,6,53,150000,150000,150000,.,.,.,1,Sepatu Nike Casual yang cocok untuk formal atau santai.,Sepatu Casual Nike
1,Nike Casual NC-086,8,6,53,150000,150000,150000,.,.,.,1,Sepatu Nike Casual yang cocok untuk formal atau santai.,Sepatu Casual Nike
1,Nike Casual NC-088,8,6,53,150000,150000,150000,.,.,.,1,Sepatu Nike Casual yang cocok untuk formal atau santai.,Sepatu Casual Nike
1,Nike Casual NC-091,8,6,53,150000,150000,150000,.,.,.,1,Sepatu Nike Casual yang cocok untuk formal atau santai.,Sepatu Casual Nike
1,Nike Casual NC-092,8,6,53,150000,150000,150000,.,.,.,1,Sepatu Nike Casual yang cocok untuk formal atau santai.,Sepatu Casual Nike
1,Nike Casual NC-095,8,6,53,150000,150000,150000,.,.,.,1,Sepatu Nike Casual yang cocok untuk formal atau santai.,Sepatu Casual Nike
1,Nike Casual NC-096,8,6,53,150000,150000,150000,.,.,.,1,Sepatu Nike Casual yang cocok untuk formal atau santai.,Sepatu Casual Nike
1,Nike Casual NC-097,8,6,53,150000,150000,150000,.,.,.,1,Sepatu Nike Casual yang cocok untuk formal atau santai.,Sepatu Casual Nike
1,Nike Casual NC-098,8,6,53,150000,150000,150000,.,.,.,1,Sepatu Nike Casual yang cocok untuk formal atau santai.,Sepatu Casual Nike
1,Nike Casual NC-100,8,6,53,150000,150000,150000,.,.,.,1,Sepatu Nike Casual yang cocok untuk formal atau santai.,Sepatu Casual Nike
1,Nike Casual NC-102,8,6,53,150000,150000,150000,.,.,.,1,Sepatu Nike Casual yang cocok untuk formal atau santai.,Sepatu Casual Nike
1,Nike Casual NC-103,8,6,53,150000,150000,150000,.,.,.,1,Sepatu Nike Casual yang cocok untuk formal atau santai.,Sepatu Casual Nike
1,Nike Casual NC-104,8,6,53,150000,150000,150000,.,.,.,1,Sepatu Nike Casual yang cocok untuk formal atau santai.,Sepatu Casual Nike
1,Nike Casual NC-105,8,6,53,150000,150000,150000,.,.,.,1,Sepatu Nike Casual yang cocok untuk formal atau santai.,Sepatu Casual Nike
1,Nike Casual NC-106,8,6,53,150000,150000,150000,.,.,.,1,Sepatu Nike Casual yang cocok untuk formal atau santai.,Sepatu Casual Nike
1,Nike Casual NC-107,8,6,53,150000,150000,150000,.,.,.,1,Sepatu Nike Casual yang cocok untuk formal atau santai.,Sepatu Casual Nike
1,Nike Casual NC-108,8,6,53,150000,150000,150000,.,.,.,1,Sepatu Nike Casual yang cocok untuk formal atau santai.,Sepatu Casual Nike
1,Nike Casual NC-110,8,6,53,150000,150000,150000,.,.,.,1,Sepatu Nike Casual yang cocok untuk formal atau santai.,Sepatu Casual Nike
1,Nike Casual NC-117,8,6,53,150000,150000,150000,.,.,.,1,Sepatu Nike Casual yang cocok untuk formal atau santai.,Sepatu Casual Nike
1,Nike Casual NC-118,8,6,53,150000,150000,150000,.,.,.,1,Sepatu Nike Casual yang cocok untuk formal atau santai.,Sepatu Casual Nike
1,Nike Casual NC-122,8,6,53,150000,150000,150000,.,.,.,1,Sepatu Nike Casual yang cocok untuk formal atau santai.,Sepatu Casual Nike
1,Nike Casual NC-123,8,6,53,150000,150000,150000,.,.,.,1,Sepatu Nike Casual yang cocok untuk formal atau santai.,Sepatu Casual Nike
1,Nike Casual NC-124,8,6,53,150000,150000,150000,.,.,.,1,Sepatu Nike Casual yang cocok untuk formal atau santai.,Sepatu Casual Nike
1,Nike Running NK-029,9,6,64,205000,205000,205000,.,.,.,0.25,Sepatu Nike Running untuk aktifitas olahraga,Sepatu Running Nike
1,Nike Running NK-035,9,6,64,230000,230000,230000,.,.,.,0.25,Sepatu Nike Running untuk aktifitas olahraga,Sepatu Running Nike
1,Nike Running NK-050,9,6,64,205000,205000,205000,.,.,.,0.25,Sepatu Nike Running untuk aktifitas olahraga,Sepatu Running Nike
1,Nike Running NK-066,9,6,64,230000,230000,230000,.,.,.,0.25,Sepatu Nike Running untuk aktifitas olahraga,Sepatu Running Nike
1,Nike Running NK-067,9,6,64,205000,205000,205000,.,.,.,0.25,Sepatu Nike Running untuk aktifitas olahraga,Sepatu Running Nike
1,Nike Running NK-068,9,6,64,205000,205000,205000,.,.,.,0.25,Sepatu Nike Running untuk aktifitas olahraga,Sepatu Running Nike
1,Nike Running NK-069,9,6,64,205000,205000,205000,.,.,.,0.25,Sepatu Nike Running untuk aktifitas olahraga,Sepatu Running Nike
1,Nike Running NK-075,9,6,64,205000,205000,205000,.,.,.,0.25,Sepatu Nike Running untuk aktifitas olahraga,Sepatu Running Nike
1,Nike Running NK-076,9,6,64,205000,205000,205000,.,.,.,0.25,Sepatu Nike Running untuk aktifitas olahraga,Sepatu Running Nike
1,Nike Running NK-077,9,6,64,205000,205000,205000,.,.,.,0.25,Sepatu Nike Running untuk aktifitas olahraga,Sepatu Running Nike
1,Nike Running NK-085,9,6,64,205000,205000,205000,.,.,.,0.25,Sepatu Nike Running untuk aktifitas olahraga,Sepatu Running Nike
1,Nike Running NK-087,9,6,64,205000,205000,205000,.,.,.,0.25,Sepatu Nike Running untuk aktifitas olahraga,Sepatu Running Nike
1,Nike Running NK-091,9,6,64,205000,205000,205000,.,.,.,0.25,Sepatu Nike Running untuk aktifitas olahraga,Sepatu Running Nike
1,Nike Running NK-100,9,6,64,230000,230000,230000,.,.,.,0.25,Sepatu Nike Running untuk aktifitas olahraga,Sepatu Running Nike
1,Nike Running NK-106,9,6,64,230000,230000,230000,.,.,.,0.25,Sepatu Nike Running untuk aktifitas olahraga,Sepatu Running Nike
1,Nike Running NK-108,9,6,64,230000,230000,230000,.,.,.,0.25,Sepatu Nike Running untuk aktifitas olahraga,Sepatu Running Nike
1,Nike Running NK-110,9,6,64,230000,230000,230000,.,.,.,0.25,Sepatu Nike Running untuk aktifitas olahraga,Sepatu Running Nike
1,Nike Running NK-117,9,6,64,205000,205000,205000,.,.,.,0.25,Sepatu Nike Running untuk aktifitas olahraga,Sepatu Running Nike
1,Nike Running NK-125,9,6,64,250000,250000,250000,.,.,.,0.25,Sepatu Nike Running untuk aktifitas olahraga,Sepatu Running Nike
1,Nike Running NK-126,9,6,64,250000,250000,250000,.,.,.,0.25,Sepatu Nike Running untuk aktifitas olahraga,Sepatu Running Nike
1,Nike Running NK-127,9,6,64,260000,260000,260000,.,.,.,0.25,Sepatu Nike Running untuk aktifitas olahraga,Sepatu Running Nike
1,Nike Running NK-129,9,6,64,250000,250000,250000,.,.,.,0.25,Sepatu Nike Running untuk aktifitas olahraga,Sepatu Running Nike
1,Nike Running NK-133,9,6,64,250000,250000,250000,.,.,.,0.25,Sepatu Nike Running untuk aktifitas olahraga,Sepatu Running Nike
1,Nike Running NK-138,9,6,64,295000,295000,295000,.,.,.,0.25,Sepatu Nike Running untuk aktifitas olahraga,Sepatu Running Nike
1,Nike Running NK-139,9,6,64,295000,295000,295000,.,.,.,0.25,Sepatu Nike Running untuk aktifitas olahraga,Sepatu Running Nike
1,Nike Running NK-140,9,6,64,295000,295000,295000,.,.,.,0.25,Sepatu Nike Running untuk aktifitas olahraga,Sepatu Running Nike
1,Nike Running NK-141,9,6,64,295000,295000,295000,.,.,.,0.25,Sepatu Nike Running untuk aktifitas olahraga,Sepatu Running Nike
1,Nike Running NK-142,9,6,64,295000,295000,295000,.,.,.,0.25,Sepatu Nike Running untuk aktifitas olahraga,Sepatu Running Nike
1,Nike Running NK-144,9,6,64,295000,295000,295000,.,.,.,0.25,Sepatu Nike Running untuk aktifitas olahraga,Sepatu Running Nike
1,Nike Running NK-145,9,6,64,295000,295000,295000,.,.,.,0.25,Sepatu Nike Running untuk aktifitas olahraga,Sepatu Running Nike
1,Nike Running NK-146,9,6,64,295000,295000,295000,.,.,.,0.25,Sepatu Nike Running untuk aktifitas olahraga,Sepatu Running Nike
1,Nike Running NK-147,9,6,64,295000,295000,295000,.,.,.,0.25,Sepatu Nike Running untuk aktifitas olahraga,Sepatu Running Nike
1,Nike Running NK-149,9,6,64,295000,295000,295000,.,.,.,0.25,Sepatu Nike Running untuk aktifitas olahraga,Sepatu Running Nike
1,Nike Running NK-150,9,6,64,250000,250000,250000,.,.,.,0.25,Sepatu Nike Running untuk aktifitas olahraga,Sepatu Running Nike
1,Nike Running NK-151,9,6,64,250000,250000,250000,.,.,.,0.25,Sepatu Nike Running untuk aktifitas olahraga,Sepatu Running Nike
1,Nike Running NK-157,9,6,64,250000,250000,250000,.,.,.,0.25,Sepatu Nike Running untuk aktifitas olahraga,Sepatu Running Nike
1,Nike Running NK-162,9,6,64,250000,250000,250000,.,.,.,0.25,Sepatu Nike Running untuk aktifitas olahraga,Sepatu Running Nike
1,Nike Running NK-163,9,6,64,250000,250000,250000,.,.,.,0.25,Sepatu Nike Running untuk aktifitas olahraga,Sepatu Running Nike
1,Nike Running NK-164,9,6,64,250000,250000,250000,.,.,.,0.25,Sepatu Nike Running untuk aktifitas olahraga,Sepatu Running Nike
1,Nike Running NK-166,9,6,64,250000,250000,250000,.,.,.,0.25,Sepatu Nike Running untuk aktifitas olahraga,Sepatu Running Nike
1,Nike Running NK-170,9,6,64,215000,215000,215000,.,.,.,0.25,Sepatu Nike Running untuk aktifitas olahraga,Sepatu Running Nike
1,Nike Running NK-180,9,6,64,205000,205000,205000,.,.,.,0.25,Sepatu Nike Running untuk aktifitas olahraga,Sepatu Running Nike
1,Nike Running NK-183,9,6,64,215000,215000,215000,.,.,.,0.25,Sepatu Nike Running untuk aktifitas olahraga,Sepatu Running Nike
1,Nike Running NK-197,9,6,64,250000,250000,250000,.,.,.,0.25,Sepatu Nike Running untuk aktifitas olahraga,Sepatu Running Nike
1,Nike Running NK-199,9,6,64,250000,250000,250000,.,.,.,0.25,Sepatu Nike Running untuk aktifitas olahraga,Sepatu Running Nike
1,Nike Running NK-213,9,6,64,250000,250000,250000,.,.,.,0.25,Sepatu Nike Running untuk aktifitas olahraga,Sepatu Running Nike
1,Nike Running NK-215,9,6,64,260000,260000,260000,.,.,.,0.25,Sepatu Nike Running untuk aktifitas olahraga,Sepatu Running Nike
1,Nike Running NK-217,9,6,64,250000,250000,250000,.,.,.,0.25,Sepatu Nike Running untuk aktifitas olahraga,Sepatu Running Nike
1,Nike Running NK-218,9,6,64,250000,250000,250000,.,.,.,0.25,Sepatu Nike Running untuk aktifitas olahraga,Sepatu Running Nike
1,Nike Running NK-220,9,6,64,260000,260000,260000,.,.,.,0.25,Sepatu Nike Running untuk aktifitas olahraga,Sepatu Running Nike
1,Nike Running NK-221,9,6,64,260000,260000,260000,.,.,.,0.25,Sepatu Nike Running untuk aktifitas olahraga,Sepatu Running Nike
1,Nike Running NK-223,9,6,64,235000,235000,235000,.,.,.,0.25,Sepatu Nike Running untuk aktifitas olahraga,Sepatu Running Nike
1,Nike Running NK-233,9,6,64,205000,205000,205000,.,.,.,0.25,Sepatu Nike Running untuk aktifitas olahraga,Sepatu Running Nike
1,Nike Running NK-234,9,6,64,205000,205000,205000,.,.,.,0.25,Sepatu Nike Running untuk aktifitas olahraga,Sepatu Running Nike
1,Nike Running NK-236,9,6,64,205000,205000,205000,.,.,.,0.25,Sepatu Nike Running untuk aktifitas olahraga,Sepatu Running Nike
1,Nike Running NK-237,9,6,64,205000,205000,205000,.,.,.,0.25,Sepatu Nike Running untuk aktifitas olahraga,Sepatu Running Nike
1,Nike Running NK-238,9,6,64,205000,205000,205000,.,.,.,0.25,Sepatu Nike Running untuk aktifitas olahraga,Sepatu Running Nike
1,Nike Running NK-241,9,6,64,205000,205000,205000,.,.,.,0.25,Sepatu Nike Running untuk aktifitas olahraga,Sepatu Running Nike
1,Nike Running NK-242,9,6,64,205000,205000,205000,.,.,.,0.25,Sepatu Nike Running untuk aktifitas olahraga,Sepatu Running Nike
1,Nike Running NK-243,9,6,64,205000,205000,205000,.,.,.,0.25,Sepatu Nike Running untuk aktifitas olahraga,Sepatu Running Nike
1,Nike Running NK-244,9,6,64,205000,205000,205000,.,.,.,0.25,Sepatu Nike Running untuk aktifitas olahraga,Sepatu Running Nike
1,Nike Running NK-247,9,6,64,205000,205000,205000,.,.,.,0.25,Sepatu Nike Running untuk aktifitas olahraga,Sepatu Running Nike
1,Nike Running NK-248,9,6,64,205000,205000,205000,.,.,.,0.25,Sepatu Nike Running untuk aktifitas olahraga,Sepatu Running Nike
1,Nike Running NK-252,9,6,64,250000,250000,250000,.,.,.,0.25,Sepatu Nike Running untuk aktifitas olahraga,Sepatu Running Nike
1,Nike Running NK-254,9,6,64,180000,180000,180000,.,.,.,0.25,Sepatu Nike Running untuk aktifitas olahraga,Sepatu Running Nike
1,Nike Running NK-255,9,6,64,180000,180000,180000,.,.,.,0.25,Sepatu Nike Running untuk aktifitas olahraga,Sepatu Running Nike
1,Nike Running NK-259,9,6,64,250000,250000,250000,.,.,.,0.25,Sepatu Nike Running untuk aktifitas olahraga,Sepatu Running Nike
1,Nike Running NK-261,9,6,64,250000,250000,250000,.,.,.,0.25,Sepatu Nike Running untuk aktifitas olahraga,Sepatu Running Nike
1,Nike Running NK-262,9,6,64,250000,250000,250000,.,.,.,0.25,Sepatu Nike Running untuk aktifitas olahraga,Sepatu Running Nike
1,Nike Running NK-264,9,6,64,260000,260000,260000,.,.,.,0.25,Sepatu Nike Running untuk aktifitas olahraga,Sepatu Running Nike
1,Nike Running NK-265,9,6,64,260000,260000,260000,.,.,.,0.25,Sepatu Nike Running untuk aktifitas olahraga,Sepatu Running Nike
1,Nike Running NK-266,9,6,64,250000,250000,250000,.,.,.,0.25,Sepatu Nike Running untuk aktifitas olahraga,Sepatu Running Nike
1,Nike Running NK-267,9,6,64,250000,250000,250000,.,.,.,0.25,Sepatu Nike Running untuk aktifitas olahraga,Sepatu Running Nike
1,Nike Running NK-268,9,6,64,250000,250000,250000,.,.,.,0.25,Sepatu Nike Running untuk aktifitas olahraga,Sepatu Running Nike
1,Nike Running NK-269,9,6,64,250000,250000,250000,.,.,.,0.25,Sepatu Nike Running untuk aktifitas olahraga,Sepatu Running Nike
1,Nike Running NK-270,9,6,64,250000,250000,250000,.,.,.,0.25,Sepatu Nike Running untuk aktifitas olahraga,Sepatu Running Nike
1,Nike Running NK-271,9,6,64,250000,250000,250000,.,.,.,0.25,Sepatu Nike Running untuk aktifitas olahraga,Sepatu Running Nike
1,Nike Running NK-272,9,6,64,250000,250000,250000,.,.,.,0.25,Sepatu Nike Running untuk aktifitas olahraga,Sepatu Running Nike
1,Nike Running NK-273,9,6,64,250000,250000,250000,.,.,.,0.25,Sepatu Nike Running untuk aktifitas olahraga,Sepatu Running Nike
1,Nike Running NK-277,9,6,64,390000,390000,390000,.,.,.,0.25,Sepatu Nike Running untuk aktifitas olahraga,Sepatu Running Nike
1,Nike Running NK-278,9,6,64,215000,215000,215000,.,.,.,0.25,Sepatu Nike Running untuk aktifitas olahraga,Sepatu Running Nike
1,Nike Running NK-282,9,6,64,250000,250000,250000,.,.,.,0.25,Sepatu Nike Running untuk aktifitas olahraga,Sepatu Running Nike
1,Nike Running NK-283,9,6,64,230000,230000,230000,.,.,.,0.25,Sepatu Nike Running untuk aktifitas olahraga,Sepatu Running Nike
1,Nike Running NK-284,9,6,64,230000,230000,230000,.,.,.,0.25,Sepatu Nike Running untuk aktifitas olahraga,Sepatu Running Nike
1,Nike Running NK-288,9,6,64,390000,390000,390000,.,.,.,0.25,Sepatu Nike Running untuk aktifitas olahraga,Sepatu Running Nike
1,Nike Running NK-289,9,6,64,390000,390000,390000,.,.,.,0.25,Sepatu Nike Running untuk aktifitas olahraga,Sepatu Running Nike
1,Nike Running NK-298,9,6,64,205000,205000,205000,.,.,.,0.25,Sepatu Nike Running untuk aktifitas olahraga,Sepatu Running Nike
1,Nike Running NK-300,9,6,64,205000,205000,205000,.,.,.,0.25,Sepatu Nike Running untuk aktifitas olahraga,Sepatu Running Nike
1,Nike Running NK-301,9,6,64,200000,200000,200000,.,.,.,0.25,Sepatu Nike Running untuk aktifitas olahraga,Sepatu Running Nike
1,Nike Running NK-302,9,6,64,200000,200000,200000,.,.,.,0.25,Sepatu Nike Running untuk aktifitas olahraga,Sepatu Running Nike
1,Nike Running NK-303,9,6,64,200000,200000,200000,.,.,.,0.25,Sepatu Nike Running untuk aktifitas olahraga,Sepatu Running Nike
1,Nike Running NK-304,9,6,64,200000,200000,200000,.,.,.,0.25,Sepatu Nike Running untuk aktifitas olahraga,Sepatu Running Nike
1,Nike Running NK-305,9,6,64,250000,250000,250000,.,.,.,0.25,Sepatu Nike Running untuk aktifitas olahraga,Sepatu Running Nike
1,Nike Running NK-306,9,6,64,200000,200000,200000,.,.,.,0.25,Sepatu Nike Running untuk aktifitas olahraga,Sepatu Running Nike
1,Nike Running NK-307,9,6,64,215000,215000,215000,.,.,.,0.25,Sepatu Nike Running untuk aktifitas olahraga,Sepatu Running Nike
1,Nike Running NK-308,9,6,64,215000,215000,215000,.,.,.,0.25,Sepatu Nike Running untuk aktifitas olahraga,Sepatu Running Nike
1,Nike Running NK-309,9,6,64,200000,200000,200000,.,.,.,0.25,Sepatu Nike Running untuk aktifitas olahraga,Sepatu Running Nike
1,Nike Running NK-310,9,6,64,250000,250000,250000,.,.,.,0.25,Sepatu Nike Running untuk aktifitas olahraga,Sepatu Running Nike
1,Nike Running NK-311,9,6,64,200000,200000,200000,.,.,.,0.25,Sepatu Nike Running untuk aktifitas olahraga,Sepatu Running Nike
1,Nike Running NK-312,9,6,64,250000,250000,250000,.,.,.,0.25,Sepatu Nike Running untuk aktifitas olahraga,Sepatu Running Nike
1,Nike Running NK-313,9,6,64,250000,250000,250000,.,.,.,0.25,Sepatu Nike Running untuk aktifitas olahraga,Sepatu Running Nike
1,Nike Running NK-314,9,6,64,215000,215000,215000,.,.,.,0.25,Sepatu Nike Running untuk aktifitas olahraga,Sepatu Running Nike
1,Nike Running NK-315,9,6,64,200000,200000,200000,.,.,.,0.25,Sepatu Nike Running untuk aktifitas olahraga,Sepatu Running Nike
1,Nike Running NK-316,9,6,64,200000,200000,200000,.,.,.,0.25,Sepatu Nike Running untuk aktifitas olahraga,Sepatu Running Nike
1,Nike Running NK-317,9,6,64,200000,200000,200000,.,.,.,0.25,Sepatu Nike Running untuk aktifitas olahraga,Sepatu Running Nike
1,Nike Running NK-318,9,6,64,200000,200000,200000,.,.,.,0.25,Sepatu Nike Running untuk aktifitas olahraga,Sepatu Running Nike
1,Nike Running NK-319,9,6,64,200000,200000,200000,.,.,.,0.25,Sepatu Nike Running untuk aktifitas olahraga,Sepatu Running Nike
1,Nike Running NK-320,9,6,64,200000,200000,200000,.,.,.,0.25,Sepatu Nike Running untuk aktifitas olahraga,Sepatu Running Nike
1,Nike Running NK-321,9,6,64,200000,200000,200000,.,.,.,0.25,Sepatu Nike Running untuk aktifitas olahraga,Sepatu Running Nike
1,Nike Running NK-322,9,6,64,200000,200000,200000,.,.,.,0.25,Sepatu Nike Running untuk aktifitas olahraga,Sepatu Running Nike
1,Nike Running NK-323,9,6,64,200000,200000,200000,.,.,.,0.25,Sepatu Nike Running untuk aktifitas olahraga,Sepatu Running Nike
